schema,elapsed_ms,kind,detail
1,26.022,"session.start","detail=1;gpu_timer=1"
1,316.876,"gpu.vendor","ATI Technologies Inc."
1,316.974,"gpu.renderer","AMD Radeon 780M Graphics"
1,316.998,"gpu.opengl","4.6.0 Compatibility Profile Context 26.3.1.260309"
1,317.017,"gpu.glsl","4.60"
1,391.779,"shader.ready","./Shaders/Batch.vs;./Shaders/Batch.fs"
1,397.768,"shader.ready","./Shaders/Text.vs;./Shaders/Text.fs"
1,399.684,"mesh_cache.load","loaded"
1,402.164,"renderer.initialize","cpu_ms=84.962600"
1,404.872,"renderer.mesh_residency","meshes=115;bytes=35352;max_polygon_instances_per_batch=268435455"
1,405.791,"models.ready","loaded=1;count=17;cpu_ms=3.523400"
1,429.978,"tutorial.ready","cpu_ms=20.873600"
1,431.717,"window.resize","width=1024;height=640"
1,474.717,"scene.state","tutorial;state=0"
1,475.881,"resources","scene=tutorial;actors=2518;max_depth=3;memory_valid=1;working_set_bytes=122818560;private_bytes=183947264"
1,1480.086,"resources","scene=tutorial;actors=2518;max_depth=3;memory_valid=1;working_set_bytes=139997184;private_bytes=184279040"
1,3764.100,"resources","scene=tutorial;actors=2518;max_depth=3;memory_valid=1;working_set_bytes=139997184;private_bytes=184279040"
1,4765.936,"resources","scene=tutorial;actors=2518;max_depth=3;memory_valid=1;working_set_bytes=140468224;private_bytes=184283136"
1,6200.915,"resources","scene=tutorial;actors=2518;max_depth=3;memory_valid=1;working_set_bytes=140648448;private_bytes=184778752"
1,7211.569,"resources","scene=tutorial;actors=2518;max_depth=3;memory_valid=1;working_set_bytes=141127680;private_bytes=184815616"
1,7689.639,"level.begin","seed=1790566894"
1,7719.331,"level.ready","seed=1790566894;initialization_ms=29.587400"
1,7731.101,"scene.state","level1;state=0"
1,7731.628,"resources","scene=level1;actors=3249;max_depth=3;memory_valid=1;working_set_bytes=143712256;private_bytes=186941440"
1,8736.994,"resources","scene=level1;actors=3249;max_depth=3;memory_valid=1;working_set_bytes=144478208;private_bytes=186978304"
1,9741.652,"resources","scene=level1;actors=3249;max_depth=3;memory_valid=1;working_set_bytes=145264640;private_bytes=186978304"
1,10744.439,"resources","scene=level1;actors=3249;max_depth=3;memory_valid=1;working_set_bytes=146116608;private_bytes=186978304"
1,11091.537,"scene.state","level1;state=1"
1,11092.534,"resources","scene=level1;actors=3249;max_depth=3;memory_valid=1;working_set_bytes=146804736;private_bytes=187142144"
1,11640.230,"scene.state","level1;state=0"
1,11641.153,"resources","scene=level1;actors=3249;max_depth=3;memory_valid=1;working_set_bytes=147263488;private_bytes=187142144"
1,12645.193,"resources","scene=level1;actors=3250;max_depth=3;memory_valid=1;working_set_bytes=147992576;private_bytes=187109376"
1,13649.821,"resources","scene=level1;actors=3250;max_depth=3;memory_valid=1;working_set_bytes=148545536;private_bytes=187109376"
1,14111.808,"scene.state","level1;state=1"
1,14112.774,"resources","scene=level1;actors=3250;max_depth=3;memory_valid=1;working_set_bytes=148676608;private_bytes=187109376"
1,14584.695,"scene.state","level1;state=0"
1,14585.539,"resources","scene=level1;actors=3250;max_depth=3;memory_valid=1;working_set_bytes=148807680;private_bytes=187109376"
1,15590.701,"resources","scene=level1;actors=3250;max_depth=3;memory_valid=1;working_set_bytes=149082112;private_bytes=187109376"
1,16595.821,"resources","scene=level1;actors=3250;max_depth=3;memory_valid=1;working_set_bytes=149278720;private_bytes=187109376"
1,17597.632,"resources","scene=level1;actors=3250;max_depth=3;memory_valid=1;working_set_bytes=134180864;private_bytes=170123264"
1,18602.326,"resources","scene=level1;actors=3255;max_depth=3;memory_valid=1;working_set_bytes=134447104;private_bytes=170123264"
1,19608.705,"resources","scene=level1;actors=3263;max_depth=3;memory_valid=1;working_set_bytes=134774784;private_bytes=170123264"
1,20612.558,"resources","scene=level1;actors=3263;max_depth=3;memory_valid=1;working_set_bytes=135049216;private_bytes=170123264"
1,21615.987,"resources","scene=level1;actors=3263;max_depth=3;memory_valid=1;working_set_bytes=135450624;private_bytes=170278912"
1,22619.084,"resources","scene=level1;actors=3263;max_depth=3;memory_valid=1;working_set_bytes=135503872;private_bytes=171327488"
1,23623.054,"resources","scene=level1;actors=3263;max_depth=3;memory_valid=1;working_set_bytes=135503872;private_bytes=171327488"
1,24625.713,"resources","scene=level1;actors=3263;max_depth=3;memory_valid=1;working_set_bytes=135503872;private_bytes=171327488"
1,25626.315,"resources","scene=level1;actors=3263;max_depth=3;memory_valid=1;working_set_bytes=135503872;private_bytes=171327488"
1,26635.992,"resources","scene=level1;actors=3263;max_depth=3;memory_valid=1;working_set_bytes=135503872;private_bytes=171327488"
1,27636.865,"resources","scene=level1;actors=3263;max_depth=3;memory_valid=1;working_set_bytes=135503872;private_bytes=171327488"
1,28637.876,"resources","scene=level1;actors=3263;max_depth=3;memory_valid=1;working_set_bytes=135503872;private_bytes=171327488"
1,29645.949,"resources","scene=level1;actors=3263;max_depth=3;memory_valid=1;working_set_bytes=135503872;private_bytes=171327488"
1,30646.241,"resources","scene=level1;actors=3263;max_depth=3;memory_valid=1;working_set_bytes=134561792;private_bytes=168968192"
1,31653.247,"resources","scene=level1;actors=3263;max_depth=3;memory_valid=1;working_set_bytes=134561792;private_bytes=168968192"
1,32658.616,"resources","scene=level1;actors=3263;max_depth=3;memory_valid=1;working_set_bytes=134565888;private_bytes=168968192"
1,33659.882,"resources","scene=level1;actors=3263;max_depth=3;memory_valid=1;working_set_bytes=134578176;private_bytes=168968192"
1,34666.955,"resources","scene=level1;actors=3263;max_depth=3;memory_valid=1;working_set_bytes=134578176;private_bytes=168968192"
1,37807.630,"resources","scene=level1;actors=3263;max_depth=3;memory_valid=1;working_set_bytes=134578176;private_bytes=168968192"
1,38810.810,"resources","scene=level1;actors=3263;max_depth=3;memory_valid=1;working_set_bytes=134578176;private_bytes=168968192"
1,39815.948,"resources","scene=level1;actors=3263;max_depth=3;memory_valid=1;working_set_bytes=134590464;private_bytes=168968192"
1,40819.986,"resources","scene=level1;actors=3263;max_depth=3;memory_valid=1;working_set_bytes=134606848;private_bytes=169005056"
1,41285.678,"scene.state","level1;state=1"
1,41286.456,"resources","scene=level1;actors=3263;max_depth=3;memory_valid=1;working_set_bytes=134606848;private_bytes=169005056"
1,42288.355,"resources","scene=level1;actors=3263;max_depth=3;memory_valid=1;working_set_bytes=134606848;private_bytes=169005056"
1,43290.206,"resources","scene=level1;actors=3263;max_depth=3;memory_valid=1;working_set_bytes=134606848;private_bytes=169005056"
1,44292.310,"resources","scene=level1;actors=3263;max_depth=3;memory_valid=1;working_set_bytes=134606848;private_bytes=169005056"
1,45297.902,"resources","scene=level1;actors=3263;max_depth=3;memory_valid=1;working_set_bytes=134606848;private_bytes=169005056"
1,46301.653,"resources","scene=level1;actors=3263;max_depth=3;memory_valid=1;working_set_bytes=134606848;private_bytes=169005056"
1,47308.539,"session.stop","normal_exit;frames=5310"
