schema,start_ms,end_ms,scene,state,frames,interval_samples,fps,frame_mean_ms,frame_p50_ms,frame_p95_ms,frame_p99_ms,frame_max_ms,over_33_33ms,update_mean_ms,render_mean_ms,swap_mean_ms,draw_mean,draw_max,upload_mean_bytes,clamped_updates,gpu_samples,gpu_mean_ms,logger_mean_ms
1,474.410,1480.115,tutorial,0,48,47,45.321,22.065,13.111,46.346,336.567,336.567,4,0.073,12.652,0.484,2.000,2,389204.000,1,46,0.284,1.604
1,1480.115,3764.125,tutorial,0,7,7,3.069,325.877,10.568,2217.985,2217.985,2217.985,1,0.045,10.550,0.081,2.000,2,389204.000,0,7,0.216,0.287
1,3764.125,4765.985,tutorial,0,77,77,76.777,13.025,13.165,16.189,17.563,17.563,0,0.056,11.750,0.109,2.000,2,389200.260,1,77,0.294,0.283
1,4765.985,6200.966,tutorial,0,14,14,9.765,102.405,12.645,1266.889,1266.889,1266.889,1,0.054,11.553,0.084,2.000,2,389060.000,0,14,0.239,0.336
1,6200.966,7211.609,tutorial,0,78,78,77.029,12.982,11.979,17.142,58.057,58.057,1,0.068,11.576,0.098,2.000,2,389060.000,1,78,0.246,0.834
1,7211.609,7730.904,tutorial,0,40,40,83.592,11.963,11.594,14.759,15.342,15.342,0,0.055,11.332,0.083,2.000,2,389060.000,0,40,0.253,0.272
1,7730.904,8737.042,level1,0,132,131,129.796,7.704,7.506,9.668,12.184,12.496,0,0.399,6.746,0.068,2.000,2,152228.000,0,130,0.198,0.259
1,8737.042,9741.688,level1,0,140,140,139.253,7.181,6.921,8.758,10.164,12.194,0,0.165,6.537,0.065,2.000,2,147983.257,0,140,0.157,0.251
1,9741.688,10744.484,level1,0,147,147,146.548,6.824,6.575,9.051,9.926,10.585,0,0.168,6.241,0.057,2.000,2,147401.224,0,147,0.150,0.245
1,10744.484,11091.294,level1,0,50,50,151.153,6.616,6.505,7.377,7.798,7.798,0,0.161,6.174,0.049,2.000,2,154611.680,0,50,0.153,0.245
1,11091.294,11639.951,level1,1,71,70,128.416,7.787,7.435,9.941,14.753,14.753,0,0.034,7.203,0.067,2.000,2,159640.000,0,69,0.229,0.281
1,11639.951,12645.228,level1,0,118,117,116.386,8.592,8.235,12.964,15.975,20.539,0,0.179,7.327,0.156,2.000,2,163350.271,0,116,0.159,0.277
1,12645.228,13649.862,level1,0,136,136,135.352,7.388,7.025,9.444,10.070,10.555,0,0.160,6.767,0.081,2.000,2,177890.382,0,136,0.183,0.252
1,13649.862,14111.572,level1,0,63,63,138.999,7.194,7.090,8.652,9.922,9.922,0,0.175,6.531,0.078,2.000,2,189025.968,0,63,0.211,0.272
1,14111.572,14584.484,level1,1,53,52,112.579,8.883,7.980,11.556,39.337,39.337,1,0.033,7.738,0.116,2.000,2,190772.000,0,51,0.288,0.883
1,14584.484,15590.733,level1,0,134,133,132.186,7.565,7.117,9.811,11.934,13.332,0,0.162,6.858,0.075,2.000,2,190286.687,0,132,0.173,0.255
1,15590.733,16595.862,level1,0,123,123,122.434,8.168,7.908,10.054,13.211,13.889,0,0.181,6.920,0.102,2.000,2,188712.813,0,123,0.189,0.288
1,16595.862,17597.680,level1,0,127,127,126.538,7.903,7.382,9.991,12.085,39.248,1,0.186,6.822,0.111,2.000,2,182115.213,0,127,0.185,0.303
1,17597.680,18602.369,level1,0,138,138,137.484,7.274,6.720,8.973,10.575,52.553,1,0.182,6.120,0.076,2.000,2,184010.522,1,138,0.194,0.270
1,18602.369,19608.748,level1,0,146,146,145.234,6.885,6.571,9.467,10.516,11.389,0,0.218,6.144,0.100,2.000,2,184688.630,0,146,0.190,0.260
1,19608.748,20612.614,level1,0,141,141,140.191,7.133,6.745,9.337,14.357,16.159,0,0.218,6.114,0.092,2.000,2,181924.511,0,141,0.176,0.304
1,20612.614,21616.045,level1,0,154,154,153.398,6.519,6.209,8.395,9.867,28.390,0,0.318,5.699,0.074,2.000,2,180863.740,0,154,0.203,0.297
1,21616.045,22619.158,level1,0,174,174,173.451,5.765,5.633,7.067,8.674,8.750,0,0.200,5.081,0.068,2.000,2,175287.034,0,174,0.222,0.282
1,22619.158,23623.105,level1,0,164,164,163.738,6.107,5.971,7.846,9.105,9.132,0,0.186,5.422,0.069,2.000,2,174203.000,0,164,0.170,0.285
1,23623.105,24625.751,level1,0,160,160,159.307,6.277,6.091,8.383,9.281,9.427,0,0.176,5.599,0.067,2.000,2,179570.400,0,160,0.185,0.258
1,24625.751,25632.234,level1,0,173,173,171.787,5.821,5.640,7.440,9.462,9.875,0,0.174,5.253,0.062,2.000,2,176854.243,0,173,0.162,0.256
1,25632.234,26636.018,level1,0,145,145,145.088,6.892,6.502,10.012,11.572,12.014,0,0.187,5.664,0.145,2.000,2,170138.979,0,145,0.151,0.273
1,26636.018,27643.536,level1,0,164,164,162.191,6.166,5.915,8.528,10.802,11.518,0,0.151,5.029,0.077,2.000,2,174336.537,0,164,0.149,0.229
1,27643.536,28647.108,level1,0,152,152,151.846,6.586,6.286,8.769,9.301,9.359,0,0.159,5.772,0.087,2.000,2,179574.789,0,152,0.157,0.256
1,28647.108,29652.748,level1,0,150,150,148.787,6.721,6.487,8.444,10.621,11.890,0,0.185,6.053,0.072,2.000,2,187938.827,0,150,0.184,0.313
1,29652.748,30653.587,level1,0,138,138,137.956,7.249,6.944,9.722,9.983,11.414,0,0.192,6.397,0.075,2.000,2,199681.478,0,138,0.174,0.293
1,30653.587,31660.098,level1,0,133,133,132.085,7.571,7.257,9.647,11.367,13.515,0,0.220,6.684,0.094,2.000,2,212710.165,0,133,0.193,0.283
1,31660.098,32665.529,level1,0,125,125,124.327,8.043,7.770,10.798,12.785,16.618,0,0.192,7.069,0.108,2.000,2,214531.648,0,125,0.251,0.285
1,32665.529,33669.749,level1,0,133,133,132.558,7.544,7.014,9.669,11.192,40.334,1,0.435,6.537,0.077,2.000,2,204450.045,0,133,0.189,0.279
1,33669.749,34673.657,level1,0,141,141,140.310,7.127,6.888,8.689,10.116,10.145,0,0.193,6.399,0.074,2.000,2,213397.106,0,141,0.170,0.280
1,34673.657,37807.712,level1,0,92,92,29.381,34.036,7.755,10.048,2416.984,2416.984,1,0.190,6.491,0.100,2.000,2,222493.478,0,92,0.187,0.298
1,37807.712,38810.868,level1,0,125,125,124.529,8.030,7.890,10.058,11.767,12.938,0,0.178,6.771,0.100,2.000,2,226815.616,1,125,0.172,0.293
1,38810.868,39816.010,level1,0,16,16,15.904,62.877,8.337,878.904,878.904,878.904,1,0.193,6.983,0.093,2.000,2,225888.000,1,16,0.255,0.357
1,39816.010,40820.031,level1,0,134,134,133.427,7.495,7.039,10.027,11.046,22.065,0,0.191,6.535,0.067,2.000,2,223390.746,0,134,0.172,0.394
1,40820.031,41285.494,level1,0,64,64,140.747,7.105,6.975,8.055,10.076,10.076,0,0.201,6.450,0.060,2.000,2,220738.000,0,64,0.174,0.284
1,41285.494,42288.386,level1,1,118,117,116.611,8.575,8.318,9.975,11.291,26.816,0,0.027,6.999,0.086,2.000,2,224108.000,0,116,0.245,0.390
1,42288.386,43290.251,level1,1,130,130,129.754,7.707,7.828,9.115,9.803,10.086,0,0.025,6.717,0.077,2.000,2,224108.000,0,130,0.245,0.262
1,43290.251,44292.353,level1,1,140,140,139.741,7.156,6.891,8.572,9.344,9.918,0,0.022,6.445,0.068,2.000,2,224108.000,0,140,0.245,0.233
1,44292.353,45297.945,level1,1,135,135,134.098,7.457,7.313,8.874,10.175,11.597,0,0.027,6.813,0.064,2.000,2,224115.704,0,135,0.246,0.281
1,45297.945,46301.711,level1,1,137,137,136.635,7.319,7.046,9.471,10.943,13.242,0,0.024,6.638,0.067,2.000,2,224250.715,0,137,0.246,0.299
1,46301.711,47307.983,level1,1,130,130,136.677,7.317,6.987,9.109,11.362,20.715,0,0.027,6.674,0.067,2.000,2,224127.231,0,130,0.244,0.361
