# id behavior radius speed; whitespace separated, one row per map NPC.
elder stay 0 0
smith stay 0 0
fisher stay 0 0
child wander 1.5 1.0
farmer patrol 2 1.0
monk healer 2 1.0
drunk wander 2 0.6
ghost stay 0 0
merchant_rice merchant 5 1.3
merchant_medicine healer 4 1.1
merchant_relic merchant 5 1.5
priest_memorial healer 3 1.0
priest_pilgrim patrol 5 1.2
guard_west guard 5 1.8
guard_east guard 5 1.8
bandit_leader bandit 7 1.8
bandit_scout bandit 6 2.0
bandit_deserter flee 6 2.3
refugee_mother follow 6 1.3
refugee_child flee 4 1.7
porter patrol 5 1.5
hunter guard 6 2.0
caretaker stay 0 0
scribe stay 0 0
relief_worker healer 5 1.4
swindler flee 5 2.1
charitable_farmer follow 5 1.3
grave_keeper patrol 5 1.1
